first_name,last_name,address,phone_number,email,dob,gender
John,Doe,"123 Main St, Anytown, CA",(555) 123-4567,john.doe@email.com,1985-07-15,M
Jane,Smith,"456 Oak Ave, Springfield, TX",(555) 987-6543,jane.smith@email.com,1990-03-22,F
Michael,Johnson,"789 Elm St, Riverside, NY",(555) 345-6789,michael.j@email.com,1982-11-08,M
Sarah,Williams,"321 Pine Ave, Lakewood, FL",(555) 234-5678,s.williams@email.com,1993-04-17,F
Robert,Brown,"654 Maple Dr, Highland, IL",(555) 876-5432,rbrown@email.com,1987-09-25,M
Emily,Jones,"987 Cedar Ln, Westbrook, WA",(555) 765-4321,emily.jones@email.com,1991-06-13,F
David,Garcia,"147 Birch Rd, Eastville, AZ",(555) 543-2109,d.garcia@email.com,1984-02-28,M
Lisa,Miller,"258 Walnut St, Northtown, MI",(555) 890-1234,l.miller@email.com,1989-12-05,F
James,Davis,"369 Oak Dr, Southfield, GA",(555) 432-1098,j.davis@email.com,1986-08-19,M
Maria,Rodriguez,"741 Pine Ln, Westview, CA",(555) 678-9012,m.rod@email.com,1992-01-31,F
Thomas,Martinez,"852 Elm Ave, Centertown, TX",(555) 345-6780,t.martinez@email.com,1983-05-14,M
Jennifer,Anderson,"963 Maple St, Eastland, NY",(555) 901-2345,j.anderson@email.com,1988-10-27,F
William,Taylor,"159 Cedar Dr, Lakeside, FL",(555) 567-8901,w.taylor@email.com,1994-03-09,M
Elizabeth,Thomas,"357 Birch Ave, Highland, IL",(555) 234-5679,e.thomas@email.com,1981-07-22,F
Christopher,Moore,"753 Walnut Ln, Westbrook, WA",(555) 890-1235,c.moore@email.com,1986-12-04,M
Jessica,Jackson,"951 Oak Rd, Eastville, AZ",(555) 432-1099,j.jackson@email.com,1993-09-16,F
Daniel,White,"246 Pine St, Northtown, MI",(555) 678-9013,d.white@email.com,1985-04-30,M
Ashley,Harris,"468 Elm Dr, Southfield, GA",(555) 901-2346,a.harris@email.com,1990-11-12,F
Joseph,Martin,"579 Maple Ln, Westview, CA",(555) 567-8902,j.martin@email.com,1987-06-25,M
Amanda,Thompson,"135 Cedar Ave, Centertown, TX",(555) 234-5670,a.thompson@email.com,1992-02-07,F
Kevin,Lee,"246 Birch St, Eastland, NY",(555) 890-1236,k.lee@email.com,1984-08-20,M
Melissa,Clark,"357 Walnut Dr, Lakeside, FL",(555) 432-1090,m.clark@email.com,1989-01-03,F
Steven,Lewis,"468 Oak Ln, Highland, IL",(555) 678-9014,s.lewis@email.com,1995-05-15,M
Nicole,Walker,"579 Pine Ave, Westbrook, WA",(555) 901-2347,n.walker@email.com,1982-10-28,F
Andrew,Hall,"680 Elm Rd, Eastville, AZ",(555) 567-8903,a.hall@email.com,1987-03-11,M
Michelle,Young,"791 Maple St, Northtown, MI",(555) 234-5671,m.young@email.com,1991-12-24,F
Timothy,King,"802 Cedar Dr, Southfield, GA",(555) 890-1237,t.king@email.com,1986-07-06,M
Laura,Wright,"913 Birch Ln, Westview, CA",(555) 432-1091,l.wright@email.com,1993-02-19,F
George,Lopez,"024 Walnut Ave, Centertown, TX",(555) 678-9015,g.lopez@email.com,1984-09-01,M
Christina,Hill,"135 Oak St, Eastland, NY",(555) 901-2348,c.hill@email.com,1989-04-14,F
Ronald,Scott,"246 Pine Dr, Lakeside, FL",(555) 567-8904,r.scott@email.com,1983-11-27,M
Amy,Green,"357 Elm Ln, Highland, IL",(555) 234-5672,a.green@email.com,1990-06-09,F
Edward,Adams,"468 Maple Ave, Westbrook, WA",(555) 890-1238,e.adams@email.com,1985-01-22,M
Stephanie,Baker,"579 Cedar Rd, Eastville, AZ",(555) 432-1092,s.baker@email.com,1992-08-04,F
Charles,Nelson,"680 Birch St, Northtown, MI",(555) 678-9016,c.nelson@email.com,1987-12-17,M
Rebecca,Carter,"791 Walnut Dr, Southfield, GA",(555) 901-2349,r.carter@email.com,1994-05-30,F
Brian,Mitchell,"802 Oak Ln, Westview, CA",(555) 567-8905,b.mitchell@email.com,1982-02-12,M
Katherine,Perez,"913 Pine Ave, Centertown, TX",(555) 234-5673,k.perez@email.com,1988-07-25,F
Anthony,Roberts,"024 Elm Rd, Eastland, NY",(555) 890-1239,a.roberts@email.com,1993-10-08,M
Rachel,Turner,"135 Maple St, Lakeside, FL",(555) 432-1093,r.turner@email.com,1986-03-21,F
Paul,Phillips,"246 Cedar Dr, Highland, IL",(555) 678-9017,p.phillips@email.com,1991-08-03,M
Sharon,Campbell,"357 Birch Ln, Westbrook, WA",(555) 901-2340,s.campbell@email.com,1984-01-16,F
Kenneth,Parker,"468 Walnut Ave, Eastville, AZ",(555) 567-8906,k.parker@email.com,1989-06-29,M
Cynthia,Evans,"579 Oak St, Northtown, MI",(555) 234-5674,c.evans@email.com,1995-11-11,F
Mark,Edwards,"680 Pine Dr, Southfield, GA",(555) 890-1230,m.edwards@email.com,1983-04-24,M
Angela,Collins,"791 Elm Ln, Westview, CA",(555) 432-1094,a.collins@email.com,1988-09-06,F
Donald,Stewart,"802 Maple Ave, Centertown, TX",(555) 678-9018,d.stewart@email.com,1992-12-19,M
Carol,Morris,"913 Cedar Rd, Eastland, NY",(555) 901-2341,c.morris@email.com,1985-05-02,F
Stephen,Sanders,"024 Birch St, Lakeside, FL",(555) 567-8907,s.sanders@email.com,1990-10-15,M
Alex,Wong,"789 Pine Rd, Lakeside, FL",(555) 234-5678,alex.wong@email.com,1988-11-30,M